{"cameraMode":{"drawMode":0,"name":"Shaded","section":"Shading Mode"},"sceneLighting":true,"audioPlay":false,"sceneViewState":{"m_AlwaysRefresh":false,"showFog":true,"showSkybox":true,"showFlares":true,"showImageEffects":true,"showParticleSystems":true,"showVisualEffectGraphs":true,"m_FxEnabled":true},"in2DMode":false,"pivot":{"x":0.06712201237678528,"y":-0.010553915053606034,"z":89.9989242553711},"rotation":{"x":0.010809347033500672,"y":0.0044952076859772209,"z":-0.0000485101445519831,"w":0.9999315738677979},"size":0.8660253882408142,"orthographic":false}